employee_id,first_name,last_name,gender,date_of_birth,marital_status,education_level,job_role,department,manager_id,hire_date,termination_date,tenure_years,employment_status,satisfaction_level,last_performance_score,num_promotions,average_monthly_hours,salary,salary_grade,work_location_city,work_location_state,work_location_country,has_training_completed,num_projects,attrition
E0001,Riya,Patel,Female,1987-03-11,Married,Master,Finance Manager,Finance,,2012-08-01,,11.8,Active,0.92,4.7,3,168,97000,6,Mumbai,MH,India,true,18,false
E0002,Carlos,Dominguez,Male,1992-07-25,Single,Bachelor,Data Analyst,Data Science,E0030,2019-05-14,,4,Active,0.76,3.6,1,146,50000,3,Madrid,MD,Spain,true,6,false
E0003,Aisha,Okafor,Female,1970-09-02,Widowed,Master,Director of Engineering,Engineering,,1994-06-15,,29.9,Active,0.98,4.9,7,192,205000,8,Lagos,LA,Nigeria,true,29,false
E0004,Sung-ho,Kim,Male,1980-05-16,Married,Doctorate,Lead Data Scientist,Data Science,E0003,2008-11-23,,15.5,Active,0.93,4.8,4,178,123000,7,Seoul,11,South Korea,true,21,false
E0005,Olga,Ivanova,Female,1977-01-29,Divorced,Bachelor,QA Specialist,Quality,E0028,2013-04-03,,10.9,Active,0.84,4,2,155,69000,4,Moscow,MOW,Russia,true,13,false
E0006,Lucas,Moreira,Male,1998-12-06,Single,Bachelor,Marketing Associate,Marketing,E0015,2022-01-17,,1.9,Active,0.68,3.2,0,132,34000,2,Sao Paulo,SP,Brazil,false,3,false
E0007,Fatima,El-Sayed,Female,1982-10-13,Married,Master,HR Director,Human Resources,,2010-03-05,,13.9,Active,0.97,4.9,5,188,117000,7,Cairo,C,Egypt,true,23,false
E0008,David,Smith,Male,1969-08-01,Widowed,High School,Senior Logistics Coordinator,Logistics,E0025,1996-02-12,2023-06-30,27.4,Retired,0.93,4.2,6,136,64000,5,Houston,TX,USA,true,18,true
E0009,Emma,Dube,Female,1995-06-20,Single,Bachelor,Customer Support Specialist,Customer Support,E0019,2021-09-01,,2.2,Active,0.81,3.7,0,144,32000,2,Johannesburg,GT,South Africa,false,4,false
E0010,Sara,Hassan,Female,1990-11-07,Single,Bachelor,Product Manager,Product,,2018-03-20,,5.8,Active,0.89,4.1,2,159,72000,5,Dubai,DU,United Arab Emirates,true,9,false
E0011,Nikhil,Singh,Male,2001-04-15,Single,Associate,Intern Developer,Engineering,E0003,2022-06-01,,1.7,Active,0.61,2.9,0,92,12000,1,Delhi,DL,India,false,2,false
E0012,Anna,Müller,Female,1984-02-23,Divorced,Master,Quality Lead,Quality,E0028,2009-08-07,,14.9,Active,0.91,4.5,4,164,84000,5,Frankfurt,HE,Germany,true,15,false
E0013,Javier,Gomez,Male,1997-12-18,Single,High School,Customer Support Intern,Customer Support,E0019,2023-07-03,,0.5,Active,0.59,2.5,0,64,9000,1,Buenos Aires,B,Argentina,false,1,false
E0014,Liam,O'Connor,Male,1978-03-28,Married,Bachelor,Senior Product Designer,Product,E0010,2006-06-10,,17.1,Active,0.87,4.3,5,170,93000,5,London,ENG,UK,true,19,false
E0015,Chloe,Martin,Female,1989-05-09,Single,Bachelor,Marketing Manager,Marketing,,2015-09-20,,8.2,Active,0.82,4.1,2,154,71000,4,Paris,IDF,France,true,14,false
E0016,Kwame,Boateng,Male,1993-10-08,Single,Bachelor,Logistics Coordinator,Logistics,E0025,2018-04-11,,5.8,Active,0.73,3.3,1,142,41000,3,Accra,AA,Ghana,true,7,false
E0017,Isabella,Rossi,Female,1963-02-22,Married,Master,Director of Customer Support,Customer Support,,1987-01-12,2022-02-28,35.1,Retired,0.99,4.8,6,160,82000,6,Rome,RM,Italy,true,26,true
E0018,Sophie,Dubois,Female,1996-01-14,Single,Bachelor,HR Associate,Human Resources,E0007,2021-04-03,,2.6,Active,0.74,3.5,0,138,35000,2,Lyon,ARA,France,false,6,false
E0019,Samuel,Williams,Male,1985-06-23,Divorced,Bachelor,Customer Support Manager,Customer Support,E0017,2012-11-01,,11.7,Active,0.79,4,3,158,61000,4,Cape Town,WC,South Africa,true,12,false
E0020,Hiroshi,Tanaka,Male,1991-09-30,Single,Bachelor,Software Engineer,Engineering,E0003,2017-10-10,,6.1,Active,0.77,3.9,1,147,54000,3,Osaka,27,Japan,true,8,false
E0021,Svetlana,Petrova,Female,1994-12-03,Divorced,Master,HR Specialist,Human Resources,E0007,2018-07-22,,5.6,Active,0.68,3.1,1,135,38000,2,Saint Petersburg,SPE,Russia,false,5,false
E0022,Priya,Kulkarni,Female,1998-09-17,Single,Bachelor,Finance Analyst,Finance,E0001,2022-11-11,,1.2,Active,0.72,3,0,115,27000,2,Pune,MH,India,false,3,false
E0023,James,Nguyen,Male,1965-12-29,Married,Master,Director of Administration,Administration,,1990-06-05,2021-08-31,31.2,Retired,0.95,4.7,7,166,99000,7,Los Angeles,CA,USA,true,28,true
E0024,Elena,Popescu,Female,1985-07-19,Married,Master,Finance Specialist,Finance,E0001,2015-03-24,,8.5,Active,0.82,4,2,152,61000,4,Bucharest,B,Romania,true,11,false
E0025,Eric,Johnson,Male,1975-12-10,Divorced,Bachelor,Head of Logistics,Logistics,,2000-02-08,,23.9,Active,0.92,4.6,6,172,142000,7,Chicago,IL,USA,true,25,false
E0026,Yuki,Watanabe,Non-binary,1994-04-30,Single,Bachelor,QA Engineer,Quality,E0028,2020-09-16,,3.1,Active,0.71,3.4,0,138,37000,2,Osaka,27,Japan,false,4,false
E0027,Gabriel,Silva,Male,1988-05-19,Single,Bachelor,Senior Software Engineer,Engineering,E0003,2013-02-13,,11.9,Active,0.84,4.2,3,163,91000,5,Rio de Janeiro,RJ,Brazil,true,14,false
E0028,Marta,Nowak,Female,1974-11-25,Married,Master,Director of Quality,Quality,,1997-05-01,,26.9,Active,0.99,4.9,6,176,153000,8,Warsaw,MZ,Poland,true,27,false
E0029,Ayaan,Ali,Male,1999-02-28,Single,Bachelor,IT Support Analyst,IT,E0030,2021-10-21,,2.1,Active,0.69,3.2,0,132,31000,2,Karachi,SD,Pakistan,false,5,false
E0030,Serena,Wong,Female,1982-12-15,Married,Master,Director of Data Science,Data Science,,2007-03-19,,16.8,Active,0.97,4.8,5,182,129000,7,Singapore,SG,Singapore,true,22,false
E0031,Ahmed,Mansour,Male,1993-11-04,Single,Bachelor,Finance Associate,Finance,E0001,2019-07-15,,4,Active,0.74,3.3,1,139,44000,3,Cairo,C,Egypt,true,7,false
E0032,Milos,Jovanovic,Male,1972-05-30,Divorced,Bachelor,Administration Lead,Administration,E0023,2005-09-10,,18,Active,0.88,4.2,5,162,91000,6,Belgrade,BG,Serbia,true,16,false
E0033,Helen,Magnusdottir,Female,1981-06-18,Widowed,Other,Logistics Analyst,Logistics,E0025,2016-11-27,,7.2,On Leave,0.67,3.3,1,118,39000,3,Reykjavik,IS,Iceland,false,5,false
E0034,Rashid,Khan,Male,1986-02-15,Single,Associate,IT Support Specialist,IT,E0030,2013-01-10,,10.9,Active,0.73,3.5,2,143,53000,4,Lahore,PB,Pakistan,true,10,false
E0035,Anastasia,Ivanova,Female,1990-10-24,Single,Bachelor,QA Associate,Quality,E0028,2020-02-16,,3.8,Active,0.75,3.7,1,140,38000,2,Saint Petersburg,SPE,Russia,true,6,false
E0036,Pedro,Martinez,Male,1979-08-03,Married,Bachelor,Engineering Lead,Engineering,E0003,2005-05-24,,18.1,Active,0.91,4.5,5,174,127000,7,Barcelona,CT,Spain,true,17,false
E0037,Maya,Singh,Female,1995-03-11,Single,Bachelor,Finance Assistant,Finance,E0001,2021-07-19,,2.1,Active,0.71,3.2,0,126,27000,2,Bangalore,KA,India,false,4,false
E0038,Jin,Park,Non-binary,1989-09-22,Divorced,Bachelor,Data Engineer,Data Science,E0030,2016-02-11,,7.9,Active,0.78,3.8,2,146,63000,4,Busan,26,South Korea,true,10,false
E0039,Nadia,Ahmed,Female,1991-12-14,Single,Bachelor,Marketing Analyst,Marketing,E0015,2019-11-25,,3.9,Active,0.74,3.2,1,134,35000,2,Lahore,PB,Pakistan,false,5,false
E0040,Robert,Evans,Male,1973-07-28,Married,Other,Senior Administrator,Administration,E0023,2001-03-15,,22.9,Active,0.89,4.1,5,152,87000,6,Toronto,ON,Canada,true,15,false
E0041,Yasmine,Bouchard,Female,1997-03-30,Single,Bachelor,HR Intern,Human Resources,E0007,2022-08-22,,1.4,Active,0.65,2.8,0,68,11000,1,Montreal,QC,Canada,false,2,false
E0042,Marko,Petrovic,Male,1968-11-02,Divorced,Other,Administration Specialist,Administration,E0023,1994-10-18,2023-02-28,28.4,Retired,0.91,4,6,149,69000,5,Novi Sad,VO,Serbia,true,19,true
E0043,François,Leclerc,Male,1988-01-02,Single,Bachelor,Marketing Specialist,Marketing,E0015,2015-05-18,2023-03-15,7.8,Resigned,0.43,2.1,1,119,35000,2,Marseille,PAC,France,false,3,true
E0044,Manuela,Garcia,Female,1992-11-28,Single,Bachelor,Engineering Associate,Engineering,E0003,2018-10-01,2023-05-10,4.6,Terminated,0.36,1.8,0,103,31000,2,Barcelona,CT,Spain,false,2,true
E0045,Thabo,Moyo,Male,1994-04-18,Single,Bachelor,Customer Support Associate,Customer Support,E0019,2020-12-14,,3.1,Active,0.72,3.4,1,141,32000,2,Harare,HA,Zimbabwe,true,6,false
E0046,David,White,Other,1980-09-05,Other,Other,Freelance Developer,Engineering,,2023-01-01,,1,Active,0.52,2.4,0,0,0,1,Sydney,NSW,Australia,false,0,false
E0047,Amira,Khaled,Female,1993-06-08,Single,,Administration Associate,Administration,E0023,2019-04-12,,4,Active,0.71,3.3,1,133,33000,2,Cairo,C,Egypt,false,5,false
E0048,Lukas,Meier,Male,1990-02-10,Married,Bachelor,IT Systems Engineer,IT,E0030,2015-08-18,,8.2,Active,0.83,3.9,2,153,59000,4,Zurich,ZH,Switzerland,true,11,false
E0049,Lucia,Silva,Female,1998-03-04,Single,Bachelor,Marketing Intern,Marketing,E0015,2023-06-07,,0.6,Active,0.54,2.7,0,53,7000,1,Lisbon,LI,Portugal,false,1,false
E0050,John,Walker,Prefer not to say,1984-10-10,Other,Other,Facilities Coordinator,Administration,E0023,2011-09-19,,12.2,Active,0.66,3.1,2,128,41000,3,Manchester,ENG,UK,true,8,false
E0051,Priya,Nair,Female,1989-07-15,Married,Bachelor,Senior Analyst,Finance,E0054,2016-06-01,,7.9,Active,0.77,4.1,1,149,57000,3,Mumbai,MH,India,true,8,false
E0052,Andrei,Popescu,Male,1976-11-20,Married,Master,Operations Director,Logistics,,1999-09-15,,23.8,Active,0.91,4.7,6,174,142000,7,Bucharest,B,Romania,true,24,false
E0053,Aisha,Osman,Female,1995-02-12,Single,Bachelor,Data Analyst,Data Science,E0056,2021-03-10,,2.1,Active,0.84,3.8,0,139,41000,2,Cairo,C,Egypt,true,4,false
E0054,Hiroshi,Tanaka,Male,1972-09-22,Married,Master,Finance Manager,Finance,,2005-01-10,,18.6,Active,0.88,4.9,4,162,99000,5,Osaka,OS,Japan,true,15,false
E0055,Sara,Ali,Female,1997-04-08,Single,Bachelor,Marketing Associate,Marketing,E0067,2022-08-05,,1,Active,0.72,3.3,0,133,34000,2,Dubai,DU,UAE,true,3,false
E0056,Lucas,Müller,Male,1983-03-30,Married,Master,Lead Data Scientist,Data Science,,2012-10-01,,11.8,Active,0.95,4.8,3,160,113000,6,Berlin,BE,Germany,true,18,false
E0057,Sonam,Lama,Female,1999-12-19,Single,Bachelor,Junior Developer,Engineering,E0062,2021-11-15,,1.4,Active,0.69,3.1,0,138,31000,1,Kathmandu,BA,Nepal,false,2,false
E0058,Aleksei,Morozov,Male,1962-01-11,Divorced,High School,Warehouse Supervisor,Logistics,E0052,1988-04-18,2022-12-31,34.7,Retired,0.93,4.5,6,141,70000,5,Saint Petersburg,SPB,Russia,true,22,true
E0059,Thandiwe,Moyo,Female,1985-06-02,Married,Master,HR Manager,Human Resources,,2010-02-10,,13.8,Active,0.89,4.3,3,147,91000,5,Johannesburg,GT,South Africa,true,15,false
E0060,Omar,Abdullah,Male,1994-08-28,Single,Associate,Support Specialist,Customer Support,E0064,2020-05-23,,3.2,Active,0.74,3.6,0,137,29000,2,Amman,AM,Jordan,false,3,false
E0061,Yara,Salem,Female,1974-10-17,Widowed,Bachelor,Administration Lead,Administration,,2003-01-15,,20.6,Active,0.87,4.6,5,158,94000,6,Alexandria,ALX,Egypt,true,21,false
E0062,Wei,Zhang,Male,1986-02-25,Married,Bachelor,Engineering Manager,Engineering,,2011-12-13,,11.9,Active,0.86,4.5,3,156,105000,6,Shanghai,SH,China,true,16,false
E0063,Anna,Ivanova,Female,1991-04-19,Single,Master,Quality Specialist,Quality,E0071,2017-09-07,,6.1,Active,0.81,3.9,1,146,52000,3,Moscow,MOW,Russia,true,8,false
E0064,Gabriel,Silva,Male,1981-05-10,Married,Bachelor,Customer Support Manager,Customer Support,,2008-04-20,,15.1,Active,0.89,4.4,3,152,87000,5,Sao Paulo,SP,Brazil,true,14,false
E0065,Fatima,El Amrani,Female,1993-10-02,Divorced,Associate,Quality Coordinator,Quality,E0071,2019-11-12,,4,Active,0.76,3.7,0,144,35000,2,Casablanca,CAS,Morocco,true,5,false
E0066,Miguel,Santos,Male,1987-12-23,Single,Bachelor,IT Analyst,IT,E0078,2015-03-15,,8.8,Active,0.82,4,1,148,66000,3,Lisbon,LX,Portugal,true,10,false
E0067,Yusuf,Demir,Male,1978-06-15,Married,Master,Marketing Director,Marketing,,2007-11-08,,15.9,Active,0.91,4.8,4,169,115000,7,Istanbul,IST,Turkey,true,17,false
E0068,Siti,Rahman,Female,1998-03-18,Single,Bachelor,Product Associate,Product,E0080,2022-01-05,,2,Active,0.73,3.4,0,134,36000,2,Kuala Lumpur,KL,Malaysia,true,3,false
E0069,Ava,Smith,Female,1992-09-30,Widowed,Bachelor,Administrative Assistant,Administration,E0061,2018-07-10,,5,Active,0.81,3.8,0,140,39000,2,London,LND,UK,true,7,false
E0070,Ivan,Petrov,Male,1959-05-15,Divorced,High School,Security Supervisor,Quality,E0071,1982-10-01,2023-01-31,40.3,Retired,0.98,4.9,7,138,80000,5,Kazan,TA,Russia,true,28,true
E0071,Elena,Volkova,Female,1964-04-07,Married,Bachelor,Quality Director,Quality,,1993-02-01,,30,Active,0.95,4.7,7,164,125000,8,Novosibirsk,NSO,Russia,true,24,false
E0072,Liam,O'Connor,Male,1988-03-29,Single,Bachelor,Software Developer,Engineering,E0062,2016-10-15,,7.6,Active,0.75,3.5,1,145,59000,3,Dublin,D,Ireland,true,8,false
E0073,Jin,Kim,Non-binary,1996-12-12,Single,Bachelor,Junior Marketing Specialist,Marketing,E0067,2021-10-01,,1.5,Active,0.71,3.2,0,132,32000,1,Seoul,SO,South Korea,false,2,false
E0074,Dina,Khaled,Female,1984-11-28,Married,Master,HR Specialist,Human Resources,E0059,2012-05-01,,11.9,Active,0.83,4,2,146,58000,3,Cairo,C,Egypt,true,9,false
E0075,Rahul,Sharma,Male,1990-01-05,Single,Bachelor,Associate Software Engineer,Engineering,E0062,2017-08-10,,6.1,Active,0.79,3.9,1,142,47000,2,Pune,MH,India,true,7,false
E0076,Linda,Nguyen,Female,1998-09-15,Single,Bachelor,Support Representative,Customer Support,E0064,2021-02-01,,2.2,Active,0.79,3.8,0,137,31000,2,Hanoi,HN,Vietnam,false,3,false
E0077,Kofi,Boateng,Male,1982-03-25,Married,Master,Senior Engineer,Engineering,E0062,2010-07-01,,13,Active,0.89,4.5,3,155,90000,5,Accra,GA,Ghana,true,14,false
E0078,Sofia,Garcia,Female,1993-11-13,Single,Bachelor,IT Manager,IT,,2014-04-09,,9.8,Active,0.92,4.4,2,153,98000,5,Madrid,MD,Spain,true,13,false
E0079,Luis,Ramos,Male,1997-07-24,Single,Bachelor,Junior Analyst,Finance,E0054,2022-01-04,,2,Active,0.74,3.5,0,134,33000,1,Buenos Aires,BA,Argentina,false,2,false
E0080,Eun-ji,Choi,Female,1985-02-08,Single,Master,Product Manager,Product,,2011-12-01,,11.9,Active,0.88,4.2,3,154,104000,6,Seoul,SO,South Korea,true,16,false
E0081,Nina,Ivanovic,Female,1999-05-05,Single,Bachelor,Customer Support Rep,Customer Support,E0064,2022-09-03,,0.9,Active,0.71,3.2,0,133,28000,1,Belgrade,BG,Serbia,false,2,false
E0082,Marta,Lopez,Female,1966-06-21,Widowed,Other,Admin Support,Administration,E0061,1991-02-14,2022-11-30,31.8,Retired,0.97,4.6,5,147,65000,4,Barcelona,CT,Spain,true,19,true
E0083,Ethan,Brown,Male,1991-12-09,Single,Bachelor,Junior Engineer,Engineering,E0062,2018-03-15,,5.1,Active,0.78,3.5,0,140,42000,2,Manchester,MAN,UK,true,6,false
E0084,Rania,Farouk,Female,1994-02-21,Married,Master,HR Specialist,Human Resources,E0059,2020-06-12,,3.2,Active,0.81,3.8,0,139,43000,2,Cairo,C,Egypt,true,5,false
E0085,Santiago,Fernandez,Male,1982-10-25,Married,Other,Logistics Coordinator,Logistics,E0052,2008-05-10,,15,Active,0.87,4.3,3,149,79000,4,Montevideo,MO,Uruguay,true,13,false
E0086,Noah,Johnson,Male,1958-07-10,Widowed,High School,Facilities Supervisor,Quality,E0071,1984-03-15,2022-12-31,38.8,Retired,0.96,4.8,6,142,73000,4,Chicago,IL,USA,true,21,true
E0087,Isabella,Martinez,Female,1995-12-13,Single,Bachelor,Support Intern,Customer Support,E0064,2023-03-10,,0.4,On Leave,0.6,2.8,0,99,16000,1,Mexico City,CDMX,Mexico,false,1,false
E0088,Jasper,van Dijk,Male,1980-01-19,Married,Doctorate,Senior Researcher,Engineering,E0062,2006-09-01,,17.9,Active,0.93,4.8,5,173,126000,7,Amsterdam,NH,Netherlands,true,19,false
E0089,Olga,Kuznetsova,Female,1991-04-27,Divorced,Other,Quality Assistant,Quality,E0071,2019-08-01,2023-06-30,3.9,Resigned,0.41,2,0,120,33600,2,Minsk,MI,Belarus,false,2,true
E0090,Fatou,Diop,Female,1988-08-09,Single,Bachelor,HR Associate,Human Resources,E0059,2020-02-20,2021-12-31,1.9,Terminated,0.32,1.7,0,114,31600,1,Dakar,DK,Senegal,false,1,true
E0091,Maja,Kovacevic,Female,1996-10-20,Single,,Marketing Intern,Marketing,E0067,2021-08-01,,1.5,Active,0.7,3.1,0,120,14000,1,Zagreb,ZG,Croatia,false,1,false
E0092,Samir,Ben Said,Male,1986-12-11,Other,Other,Junior Engineer,Engineering,E0062,2019-12-01,,4,Active,0.77,3.8,0,142,42000,2,Tunis,TN,Tunisia,true,6,false
E0093,Petra,Novak,Female,1971-02-14,Other,Bachelor,Administration Assistant,Administration,E0061,2009-07-01,,14,Active,0.82,4.1,2,144,68000,4,Prague,PR,Czech Republic,true,11,false
E0094,Emil,Kristensen,Male,1995-04-13,Single,Bachelor,Data Associate,Data Science,E0056,2021-01-11,,2.1,Active,0.83,3.7,0,136,35000,2,Copenhagen,DK,Denmark,true,4,false
E0095,Emma,Wilson,Female,1980-11-30,Divorced,Other,Finance Coordinator,Finance,E0054,2007-03-01,2022-10-31,15.7,Resigned,0.44,2.4,1,131,50000,3,Sydney,NSW,Australia,false,2,true
E0096,Luca,Rossi,Male,1989-09-22,Single,Bachelor,IT Support,IT,E0078,2016-02-01,,8.9,Active,0.8,4.1,1,141,54000,3,Milan,MI,Italy,true,7,false
E0097,David,Miller,Male,1994-06-02,Single,Bachelor,Junior Analyst,Finance,E0054,2021-05-15,,2.1,Active,0.75,3.6,0,133,33000,1,Toronto,ON,Canada,false,2,false
E0098,Lea,Dubois,Non-binary,1992-05-16,Single,Bachelor,Product Analyst,Product,E0080,2019-06-01,,4.1,Active,0.78,3.6,0,143,39000,2,Paris,IDF,France,false,6,false
E0099,Zoe,Evans,Female,1993-07-03,Single,Bachelor,Marketing Analyst,Marketing,E0067,2021-10-01,,1.5,Active,0.74,3.4,0,134,33000,1,Manchester,MAN,UK,false,2,false
E0100,Marko,Jovanovic,Other,1983-03-15,Single,Bachelor,Data Scientist,Data Science,E0056,2012-07-01,,11.9,Active,0.89,4.5,2,154,105000,5,Belgrade,BG,Serbia,true,12,false
E0300,Ibrahim,Ahmed,Male,1985-03-14,Married,Master,Senior Data Scientist,Data Science,,2010-06-01,,13.1,Active,0.87,4.8,4,179.2,170000,7,Cairo,C,Egypt,true,21,false
E0301,Lucia,Morales,Female,1992-10-22,Single,Bachelor,Marketing Analyst,Marketing,E0309,2018-09-03,,5.8,On Leave,0.74,3.8,1,140.6,52300,3,Barcelona,CT,Spain,false,6,false
E0302,Jingyi,Liu,Female,1980-04-18,Married,Doctorate,Director of Engineering,Engineering,,2006-02-23,,17.9,Active,0.92,5,7,190.4,205000,8,Shanghai,SH,China,true,28,false
E0303,Rohit,Reddy,Male,1997-12-01,Single,Bachelor,Junior Developer,IT,E0314,2022-01-10,,1.9,Active,0.65,3.5,0,122.8,27500,2,Hyderabad,TG,India,false,3,false
E0304,Oluwaseun,Adebayo,Male,1962-07-09,Widowed,High School,Warehouse Supervisor,Logistics,,1985-04-01,2020-10-31,35.6,Retired,0.9,4.1,6,158.2,67000,5,Ibadan,OY,Nigeria,true,19,true
E0305,Aisha,Mbaye,Female,1999-05-15,Single,Associate,Customer Service Rep,Customer Support,E0322,2021-06-17,,2.3,Active,0.77,3.6,0,112.5,24600,2,Dakar,DK,Senegal,false,4,false
E0306,Marta,Nowak,Female,1977-09-02,Married,Master,Finance Manager,Finance,,2002-04-08,,21.1,Active,0.94,4.9,6,180.1,130000,6,Warsaw,MZ,Poland,true,21,false
E0307,Lucas,Borges,Male,1990-11-30,Single,Bachelor,QA Analyst,Quality,E0316,2017-02-15,,6.5,Active,0.72,4,1,145.3,42400,3,Sao Paulo,SP,Brazil,true,8,false
E0308,Yasmin,Farouk,Female,1989-04-05,Other,Other,Process Engineer,Engineering,E0302,2015-08-10,,8.9,Active,0.8,3.7,2,144.2,66000,4,Dubai,DU,UAE,true,12,false
E0309,Aleksei,Kuznetsov,Male,1972-12-19,Married,Master,Director of Marketing,Marketing,,1999-10-05,,23.8,Active,0.97,4.8,7,182.6,186000,8,Moscow,MOW,Russia,true,29,false
E0310,Nia,Johnson,Female,1996-06-22,Single,Bachelor,HR Assistant,Human Resources,E0326,2020-08-17,,3.1,Active,0.81,3.9,0,133.7,32200,2,Atlanta,GA,USA,false,5,false
E0311,Daniel,Müller,Male,1983-08-11,Married,Master,Senior Quality Manager,Quality,,2011-11-02,,12,Active,0.89,4.5,4,175.8,125000,6,Munich,BY,Germany,true,18,false
E0312,Maria,Lopez,Female,1988-01-28,Divorced,Bachelor,Account Executive,Finance,E0306,2016-03-21,,7.8,Active,0.73,3.6,1,146.5,51000,3,Mexico City,DF,Mexico,false,8,false
E0313,Sung-min,Kim,Male,1993-07-16,Single,Bachelor,Product Designer,Product,E0330,2019-03-18,,4,Active,0.79,3.4,1,138.6,48000,3,Seoul,KR11,South Korea,true,7,false
E0314,Ava,Cooper,Female,1984-09-13,Married,Master,IT Manager,IT,,2010-01-11,,13.7,Active,0.95,4.7,5,186.2,146000,6,Manchester,ENG,UK,true,20,false
E0315,Olga,Ivanova,Female,1970-05-30,Widowed,High School,Logistics Coordinator,Logistics,,1988-08-22,2022-04-30,33.7,Retired,0.91,4.2,5,152.9,57000,4,Saint Petersburg,SPE,Russia,true,13,true
E0316,Takashi,Yamamoto,Male,1976-02-08,Married,Master,Quality Director,Quality,,2004-08-25,,19.3,Active,0.93,4.7,5,174.4,137000,6,Osaka,27,Japan,true,19,false
E0317,Julia,Petrescu,Female,1987-12-24,Divorced,Other,Recruiter,Human Resources,E0326,2017-11-29,,5.2,Active,0.69,3.2,1,127.1,39200,3,Bucharest,B,Romania,true,6,false
E0318,Kai,Nguyen,Other,1995-10-10,Single,Bachelor,Data Analyst,Data Science,E0302,2019-05-06,,4,Active,0.74,3.7,1,141.4,48000,3,Ho Chi Minh City,SG,Vietnam,false,6,false
E0319,Amira,Shakir,Female,1994-01-07,Married,Master,HR Generalist,Human Resources,E0326,2018-10-29,,5.7,Active,0.77,3.9,1,143.6,55300,3,Casablanca,CS,Morocco,true,7,false
E0320,Julian,Schroeder,Male,1958-11-17,Divorced,Other,Fleet Manager,Logistics,,1983-05-05,2021-02-28,37.8,Retired,0.88,3.9,7,149.2,72000,5,Hamburg,HH,Germany,true,22,true
E0321,Priya,Patel,Female,1998-03-03,Single,Bachelor,Finance Associate,Finance,E0306,2022-02-14,,1.8,Active,0.66,3.5,0,128.9,29700,2,Ahmedabad,GJ,India,false,3,false
E0322,Ayaan,Khan,Male,1982-07-26,Married,Bachelor,Customer Support Manager,Customer Support,,2012-11-19,,10.1,Active,0.84,4.3,3,162.8,82000,5,Karachi,SD,Pakistan,true,13,false
E0323,Anastasia,Petrova,Female,1995-01-11,Single,Bachelor,Sales Associate,Administration,E0339,2021-10-25,,2.1,Active,0.73,3.7,0,133.3,26800,2,Sofia,SOF,Bulgaria,false,4,false
E0324,Fiona,Campbell,Female,1986-05-20,Married,Master,Senior Recruiter,Human Resources,E0326,2010-03-15,,13.1,Active,0.9,4.5,5,166.5,92000,5,Glasgow,SCT,UK,true,17,false
E0325,Dennis,Morgan,Male,1968-10-15,Married,Associate,Senior Administrator,Administration,,1996-02-26,2022-11-30,26.8,Retired,0.89,4.1,6,150.9,64000,5,New York,NY,USA,true,18,true
E0326,Elizabeth,Brown,Female,1974-06-12,Divorced,Bachelor,HR Director,Human Resources,,2001-12-04,,21.3,Active,0.96,4.9,6,179.5,134000,6,Chicago,IL,USA,true,22,false
E0327,Sofia,Martinez,Female,1990-02-19,Other,Other,Support Analyst,Customer Support,E0322,2017-06-13,,6.6,Active,0.71,3.3,1,136.2,41600,3,Buenos Aires,C,Argentina,false,7,false
E0328,Omar,Al-Farsi,Male,1993-11-06,Single,Bachelor,IT Analyst,IT,E0314,2020-11-09,,3,Active,0.76,3.8,0,137.8,35700,2,Muscat,MA,Oman,false,5,false
E0329,Tomasz,Kowalski,Male,1987-04-17,Single,Bachelor,Engineer,Engineering,E0302,2014-09-01,,9,Active,0.79,3.8,2,143.1,58900,4,Krakow,MA,Poland,true,11,false
E0330,Siti,Rahman,Female,1979-08-08,Married,Master,Product Director,Product,,2007-03-12,,16.8,Active,0.94,4.8,6,182.9,168000,7,Singapore,SG,Singapore,true,23,false
E0331,Andrei,Popescu,Male,1991-06-25,Single,Associate,Junior Accountant,Finance,E0306,2021-03-15,,2.4,Active,0.72,3.5,0,126.7,28700,2,Cluj-Napoca,CJ,Romania,false,4,false
E0332,Khadija,Ben Ali,Female,1992-01-29,Divorced,Other,Admin Assistant,Administration,E0325,2018-05-21,,5.9,Active,0.71,3.2,1,140.3,39500,3,Tunis,TN,Tunisia,false,7,false
E0333,Erik,Johansson,Male,1984-12-14,Single,Bachelor,Software Developer,Engineering,E0302,2012-07-30,,11.1,Active,0.81,3.9,3,155.7,79000,5,Stockholm,AB,Sweden,true,14,false
E0334,Eun-ji,Park,Non-binary,1996-08-27,Single,Bachelor,Junior QA Engineer,Quality,E0311,2020-03-23,,3.2,Active,0.68,3.3,0,126.3,32400,2,Busan,KR26,South Korea,false,4,false
E0335,Mehmet,Demir,Male,1975-11-11,Single,High School,Facilities Manager,Administration,,2000-06-20,2023-02-28,22.7,Retired,0.89,4,4,156.2,57000,4,Istanbul,34,Turkey,true,14,true
E0336,Nina,Kuzmanovic,Female,1999-10-03,Other,Other,Support Specialist,Customer Support,E0322,2022-03-21,,1.7,Active,0.64,3.1,0,119.3,24600,2,Belgrade,BG,Serbia,false,3,false
E0337,Hanna,Mikkola,Female,1991-02-19,Single,Bachelor,Junior Engineer,Engineering,E0302,2021-01-11,,2.9,Active,0.68,3.6,0,128.7,27200,2,Helsinki,ES,Finland,false,4,false
E0338,Oliver,Williams,Male,1983-07-02,Married,Master,Engineering Manager,Engineering,E0302,2011-02-14,,12.1,Active,0.89,4.6,4,172.4,117000,6,Birmingham,ENG,UK,true,17,false
E0339,Anna,Schmidt,Female,1971-09-25,Widowed,Bachelor,Administration Director,Administration,,1997-05-19,2022-06-30,25.1,Retired,0.93,4.3,6,155.1,73000,5,Berlin,BE,Germany,true,18,true
E0340,Juan,Garcia,Male,1997-02-13,Single,High School,Logistics Assistant,Logistics,E0315,2022-08-10,,1.3,Active,0.64,3,0,109.2,23700,2,Lima,LMA,Peru,false,2,false
E0341,Sven,Eriksson,Male,1988-02-21,Single,Bachelor,System Administrator,IT,E0314,2015-05-18,,8.9,Active,0.74,3.9,2,141.7,56100,4,Gothenburg,O,Sweden,true,11,false
E0342,Fatima,Al-Mansouri,Female,1995-09-05,Single,Bachelor,Junior Recruiter,Human Resources,E0326,2021-07-12,,2.1,Active,0.69,3.4,0,129.2,28900,2,Abu Dhabi,AZ,UAE,false,4,false
E0343,Karim,Elbaz,Male,1979-10-01,Other,Other,Senior Accountant,Finance,E0306,2007-12-10,2023-01-31,15.1,Resigned,0.51,2,4,148.5,69000,4,Casablanca,CS,Morocco,true,9,true
E0344,Chloe,Dubois,Female,1990-12-09,Married,Master,Marketing Manager,Marketing,E0309,2014-06-16,,9.2,Active,0.86,4.3,2,161.8,82000,5,Paris,IDF,France,true,13,false
E0345,Ravi,Singh,Male,1998-11-02,Other,Bachelor,Logistics Assistant,Logistics,E0315,2022-09-05,,1.2,Active,0.68,3.2,0,110.3,22500,2,Delhi,DL,India,false,2,false
E0346,Monica,Vasquez,Female,1982-06-06,Single,Associate,Finance Analyst,Finance,E0306,2015-11-02,2023-05-31,7.6,Terminated,0.34,1.3,1,103.1,31200,2,Lima,LMA,Peru,false,2,true
E0347,Freya,Olofsson,Non-binary,2000-04-15,Single,Bachelor,Intern,Engineering,E0333,2023-01-09,,0.6,Active,0.54,2.9,0,87.5,14200,1,Gothenburg,O,Sweden,false,1,false
E0348,Alexandre,Leclerc,Male,1995-01-21,Single,Bachelor,Junior Analyst,Finance,E0306,2022-01-24,,1.9,Active,0.67,3.3,0,124.2,26400,2,Montreal,QC,Canada,false,3,false
E0349,Grace,O’Connor,Prefer not to say,1987-03-15,Married,Doctorate,Lead Data Scientist,Data Science,,2012-08-27,,11.1,Active,0.97,5,4,186.8,146000,6,Dublin,L,Ireland,true,18,false
E0401,Ifeoma,Okoye,Female,1991-07-15,Single,Bachelor,Development Analyst,Engineering,E0407,2018-06-11,,5.8,Active,0.81,4,1,149,48800,3,Lagos,LA,Nigeria,true,7,false
E0402,Mateo,Gonzalez,Male,1986-03-21,Married,Master,Finance Manager,Finance,,2012-02-18,,11.8,Active,0.91,4.7,3,172,94000,6,Mexico City,CDMX,Mexico,true,13,false
E0403,Elena,Ivanova,Female,1972-12-05,Widowed,Master,Director of Quality,Quality,,1996-01-12,2022-12-31,26,Retired,0.96,4.9,6,158,131000,7,Saint Petersburg,SPE,Russia,true,22,true
E0404,Saanvi,Mehra,Female,1997-09-09,Single,Bachelor,Junior Developer,Engineering,E0401,2021-07-01,,2.2,Active,0.72,3.5,0,146,32000,2,Pune,MH,India,true,3,false
E0405,Jonas,Andersson,Male,1960-10-19,Divorced,High School,Logistics Coordinator,Logistics,E0420,1990-05-21,2023-05-30,33,Retired,0.92,4.7,6,135,78000,5,Gothenburg,O,Sweden,true,19,true
E0406,Haoyu,Zhang,Male,1993-02-02,Single,Bachelor,Business Analyst,Finance,E0402,2019-05-12,,4,Active,0.79,3.8,1,143,47000,3,Shanghai,SH,China,true,7,false
E0407,Sofia,Petrova,Female,1980-08-14,Married,Doctorate,Engineering Manager,Engineering,,2008-01-08,,15.7,Active,0.88,4.5,4,161,111000,7,Sofia,SO,Bulgaria,true,18,false
E0408,Ryo,Tanaka,Male,1978-11-23,Married,Master,Director of Customer Support,Customer Support,,2004-09-01,,19.2,Active,0.93,4.8,5,153,126000,8,Osaka,27,Japan,true,24,false
E0409,Fatima,Moussa,Female,1995-10-11,Single,Bachelor,HR Associate,Human Resources,E0413,2020-02-19,,3.7,Active,0.75,3.9,0,140,39000,2,Casablanca,CAS,Morocco,true,4,false
E0410,Lucas,Da Silva,Male,1994-12-17,Single,Bachelor,Marketing Analyst,Marketing,E0422,2018-08-06,,5.6,Active,0.83,4.2,1,147,44000,3,Sao Paulo,SP,Brazil,true,6,false
E0411,Samantha,Nguyen,Female,1982-03-24,Married,Master,Lead Product Manager,Product,,2009-12-01,,13.6,Active,0.9,4.6,4,165,119000,7,Ho Chi Minh City,SG,Vietnam,true,20,false
E0412,Ibrahim,Sylla,Male,1967-04-04,Divorced,High School,Warehouse Supervisor,Logistics,E0420,1993-08-13,2021-12-01,28.3,Retired,0.89,4.5,5,129,71000,4,Dakar,DKR,Senegal,true,17,true
E0413,Maya,Kowalska,Female,1975-05-18,Widowed,Master,HR Director,Human Resources,,2001-03-15,,22.9,Active,0.97,4.9,6,158,125000,7,Warsaw,MZ,Poland,true,23,false
E0414,Dmitri,Volkov,Male,1989-10-02,Single,Bachelor,Data Analyst,Data Science,E0418,2016-11-21,,6.9,Active,0.86,4.1,1,152,53000,4,Moscow,MOW,Russia,true,8,false
E0415,Jin,Kim,Male,1982-07-29,Married,Bachelor,IT Support Specialist,IT,E0425,2014-03-10,,9.9,Active,0.84,4.4,2,145,61000,4,Busan,26,South Korea,true,11,false
E0416,Niamh,O'Connor,Female,1996-11-15,Single,Bachelor,Quality Associate,Quality,E0403,2022-01-03,,1.6,Active,0.79,3.6,0,137,32000,2,Cork,CO,Ireland,false,3,false
E0417,Nicolas,Dubois,Male,1970-05-07,Married,Master,Administration Lead,Administration,,1998-06-09,,25,Active,0.93,4.8,6,150,98000,6,Lyon,ARA,France,true,20,false
E0418,Elif,Demir,Female,1987-04-23,Single,Master,Data Science Manager,Data Science,,2011-04-18,,12.9,Active,0.91,4.7,4,155,118000,7,Istanbul,34,Turkey,true,19,false
E0419,Sara,Farah,Female,1989-12-22,Divorced,Bachelor,Customer Service Specialist,Customer Support,E0408,2017-03-16,,6.7,Active,0.77,3.7,1,139,43000,3,Amman,AM,Jordan,true,6,false
E0420,Omar,Mahmoud,Male,1979-01-10,Married,Bachelor,Logistics Manager,Logistics,,2007-05-23,,16.1,Active,0.86,4.3,4,148,104000,7,Cairo,C,Egypt,true,18,false
E0421,Mila,Novak,Female,1985-10-18,Married,Master,Senior Engineer,Engineering,E0407,2010-01-25,,13.5,Active,0.89,4.5,3,154,95000,6,Brno,64,Czech Republic,true,14,false
E0422,Maria,Santos,Female,1976-03-13,Widowed,Other,Marketing Director,Marketing,,1999-06-10,,24,Active,0.94,4.8,6,159,124000,7,Lisbon,11,Portugal,true,21,false
E0423,Zara,Al-Farsi,Female,1992-04-17,Single,Bachelor,Finance Associate,Finance,E0402,2019-09-10,,3.7,Active,0.74,3.8,1,141,42000,3,Muscat,MA,Oman,true,5,false
E0424,Mohamed,Ali,Male,1984-08-25,Single,Associate,IT Analyst,IT,E0425,2015-02-14,,8.8,Active,0.82,4.1,2,144,57000,4,Tunis,TN,Tunisia,true,10,false
E0425,Levi,Cohen,Male,1977-05-11,Married,Master,Head of IT,IT,,2003-04-29,,20.1,Active,0.92,4.8,5,157,127000,8,Tel Aviv,TA,Israel,true,23,false
E0426,Tomasz,Kowalczyk,Male,1999-01-24,Single,Bachelor,Junior Analyst,Finance,E0402,2022-06-20,,1.1,Active,0.65,3.3,0,121,29000,2,Krakow,MA,Poland,false,2,false
E0427,Tara,O'Brien,Female,1998-05-05,Single,Bachelor,Marketing Associate,Marketing,E0422,2021-11-15,,1.7,Active,0.68,3.4,0,128,30000,2,Dublin,DN,Ireland,false,3,false
E0428,Oussama,Bouhassoun,Male,1995-06-02,Single,Bachelor,Support Specialist,Customer Support,E0408,2020-03-19,,3.6,Active,0.72,3.8,1,139,41000,3,Rabat,RB,Morocco,true,5,false
E0429,Esra,Yilmaz,Female,1990-10-10,Married,Associate,HR Specialist,Human Resources,E0413,2017-12-12,,6.5,Active,0.74,3.7,1,137,42000,3,Ankara,06,Turkey,true,6,false
E0430,Sophie,Müller,Female,1987-03-17,Single,Other,Admin Assistant,Administration,E0417,2018-10-21,,4.5,Active,0.71,3.6,1,135,39000,2,Hamburg,HH,Germany,true,5,false
E0431,Antoine,Dupont,Male,1992-06-15,Single,Bachelor,Engineering Associate,Engineering,E0407,2021-03-01,,2.2,Active,0.74,3.7,0,142,35000,2,Marseille,B,France,true,3,false
E0432,Lina,Schmidt,Female,1991-02-11,Single,Bachelor,Junior Data Analyst,Data Science,E0418,2021-05-17,,2.1,Active,0.69,3.5,0,137,31000,2,Berlin,BE,Germany,false,2,false
E0433,Gabriel,Silva,Male,1998-04-19,Single,Bachelor,Support Specialist,Customer Support,E0408,2022-02-14,,1.6,Active,0.69,3.4,0,127,27000,2,Recife,PE,Brazil,false,2,false
E0434,Alicia,Martinez,Female,1993-12-04,Married,Bachelor,Finance Analyst,Finance,E0402,2016-09-23,,6.8,Active,0.81,4,1,144,54000,4,Madrid,MD,Spain,true,8,false
E0435,Ahmed,Mostafa,Male,1980-03-06,Married,Other,Quality Lead,Quality,E0403,2007-02-15,,16.2,Active,0.87,4.2,4,146,97000,6,Alexandria,ALX,Egypt,true,16,false
E0436,Maksim,Ivanov,Male,1997-07-12,Single,High School,Intern,Engineering,E0407,2023-06-01,,0.8,Active,0.62,3.1,0,85,11000,1,Kazan,TA,Russia,false,1,false
E0437,Priya,Singh,Female,1985-11-03,Married,Master,HR Lead,Human Resources,E0413,2011-08-01,,12.9,Active,0.89,4.5,3,152,95000,6,Delhi,DL,India,true,14,false
E0438,Ana,Costa,Female,1992-11-22,Single,Bachelor,Customer Support Representative,Customer Support,E0408,2020-06-10,,3.2,Active,0.73,3.7,1,136,39000,2,Porto,13,Portugal,true,4,false
E0439,Katlego,Mokoena,Non-binary,1990-09-28,Other,Other,Product Analyst,Product,E0411,2017-10-05,,6.6,Active,0.76,3.9,1,142,47000,3,Johannesburg,GP,South Africa,true,7,false
E0440,Lucas,Fernandes,Male,1995-01-29,Single,Bachelor,Junior Developer,Engineering,E0401,2022-02-07,,1.5,Active,0.66,3.5,0,118,26000,1,Curitiba,PR,Brazil,false,2,false
E0441,Hanna,Korhonen,Female,1961-04-03,Widowed,Other,Senior Admin Officer,Administration,E0417,1988-09-14,2023-04-15,34.6,Retired,0.89,4.3,6,148,79000,5,Helsinki,18,Finland,true,19,true
E0442,Manish,Sharma,Male,1986-08-08,Single,Bachelor,Data Engineer,Data Science,E0418,2015-11-20,,8.7,Active,0.8,4,2,143,57000,4,Bangalore,KA,India,true,9,false
E0443,Sofia,Berg,Female,1984-02-14,Single,Associate,Quality Inspector,Quality,E0403,2016-04-01,,7,Active,0.78,3.8,1,138,42000,3,Stockholm,AB,Sweden,true,6,false
E0444,Lukas,Schneider,Male,1988-12-31,Single,Bachelor,Logistics Analyst,Logistics,E0420,2017-07-12,,6.6,Active,0.81,3.9,1,140,44000,3,Munich,BY,Germany,true,6,false
E0445,Nina,Ivanenko,Female,1965-11-11,Divorced,High School,Support Specialist,Customer Support,E0408,1987-05-17,2022-05-15,35,Retired,0.9,4.6,7,144,73000,5,Dnipro,DN,Ukraine,true,25,true
E0446,Julian,Müller,Male,1982-10-15,Married,Master,Senior Finance Manager,Finance,,2009-01-05,,14.7,Active,0.92,4.8,4,156,115000,7,Zurich,ZH,Switzerland,true,18,false
E0447,Hassan,Abdi,Male,1994-09-10,Single,Bachelor,Finance Associate,Finance,E0402,2021-08-22,,1.8,Active,0.68,3.5,0,123,28000,2,Mogadishu,BN,Somalia,false,2,false
E0448,Isabella,Rossi,Female,1993-02-08,Single,Bachelor,Junior Product Manager,Product,E0411,2021-09-13,,1.7,Active,0.71,3.6,0,126,29000,2,Milan,MI,Italy,false,2,false
E0449,Seth,Morrison,Other,1980-05-18,Other,Other,Data Quality Specialist,Data Science,E0418,2014-03-01,,9.9,Active,0.73,3.9,2,142,59000,4,Cape Town,WC,South Africa,true,10,false
E0450,Anna,Peterson,Prefer not to say,1973-11-30,Other,Other,Business Consultant,Administration,E0417,2012-08-01,2023-05-01,10.8,Resigned,0.47,1.4,1,101,57000,4,Oslo,03,Norway,false,3,true
